Models,Expression.only.CV.cor,Multiomics.CV.cor
SOX10,0.782815982,0.779380388
FAM50A,0.776173629,0.775445439
IRF4,0.787509758,0.775286407
KRAS,0.565740826,0.771064259
RPP25L,0.766406147,0.769651656
TP63,0.772905981,0.767324428
HNF1B,0.75484178,0.761300823
BRAF,0.712776565,0.757464313
PAX8,0.763388481,0.757089195
MDM2,0.744148686,0.750311732
DDX3X,0.71934402,0.742270917
CCND1,0.749674115,0.741883231
EBF1,0.740551321,0.723568072
MITF,0.709691803,0.712993343
MYB,0.705601879,0.71234907
FERMT2,0.71264245,0.711416941
EIF1AX,0.678063231,0.707589615
EFR3A,0.703517207,0.69709377
CDS2,0.675629562,0.695552515
RAB6A,0.691971141,0.691989969
CHMP4B,0.698977058,0.69081156
CTNNB1,0.709712355,0.687632414
CDK6,0.676949871,0.685893352
STX4,0.676260725,0.679417686
LMO2,0.672017206,0.671855229
PAX5,0.664887868,0.663797197
POP7,0.651835265,0.658012569
TP53,0.633332577,0.651145417
ZEB2,0.645611851,0.650045766
KLF5,0.656392107,0.648858558
ITGAV,0.647993347,0.646712168
POU2AF1,0.624878057,0.640829565
GRHL2,0.642566964,0.635053472
CCND3,0.627827372,0.6184061
TCF7L2,0.617390839,0.614772924
TTC7A,0.637958992,0.614428107
MYBL2,0.615129661,0.612181704
SOX9,0.625754864,0.611068754
EGFR,0.62364563,0.610539338
DNAJC19,0.608606609,0.608934458
INTS6,0.626945182,0.608933505
SNAP23,0.627858809,0.602584452
ELMO2,0.604973873,0.602577508
NMT1,0.605956567,0.602576197
MYOD1,0.624729788,0.596924737
PIK3CA,0.43078254,0.596052576
BET1,0.56592461,0.593828334
PPM1D,0.592648229,0.592772017
CFLAR,0.591810978,0.591715513
NXT1,0.594762865,0.582871059
DUSP4,0.592315779,0.582484491
PRDM1,0.614490292,0.579998785
WNK1,0.591852833,0.577940383
TP53BP1,0.597615176,0.577692765
CFL1,0.570776478,0.574913681
FOXA1,0.592187238,0.573516903
WDR1,0.562390824,0.571920805
PTK2,0.567653371,0.570466852
TUBB4B,0.593464472,0.570226928
EAF1,0.524979034,0.569367255
PARD3,0.576609279,0.566690854
NAMPT,0.559968163,0.565081776
ATP1B3,0.587481704,0.562780353
RUNX1,0.575124397,0.56238603
ISL1,0.538617275,0.558587431
CCND2,0.587156201,0.558536121
NFE2L2,0.553922592,0.558441535
PCYT1A,0.562976781,0.558094175
ARHGEF7,0.563474998,0.557785562
DNM2,0.543676144,0.551458046
TFAP2A,0.573320996,0.551409369
PSMB5,0.543274437,0.551287123
JUN,0.571329777,0.549832213
GLE1,0.55063199,0.549611085
STXBP3,0.56546713,0.548240857
ITGA3,0.547499324,0.546226346
OR4M2,0.267319727,0.545877309
ZNF407,0.537244825,0.545344313
CBFB,0.571923523,0.544222651
MYCN,0.53594221,0.543967081
ZFPM1,0.541106508,0.542796233
RPL30,0.552087532,0.542297798
MAGOH,0.541269861,0.540747827
GPX4,0.559419226,0.540349499
PIM2,0.567024857,0.540237378
MYH9,0.538738455,0.540024287
LDB1,0.555214627,0.539489466
VRK1,0.554301534,0.537197529
CDK4,0.548453786,0.536336736
MCL1,0.522836994,0.5345519
MDM4,0.53704241,0.53417962
PARD6B,0.544037243,0.534172965
MAPK1,0.518985396,0.533879584
DDX39B,0.543168541,0.533654576
BUD13,0.545457471,0.533284836
PPP2R1A,0.489523595,0.533233135
ITGB5,0.573810682,0.530404745
MCM10,0.467792301,0.529220927
GFPT1,0.525641348,0.526969653
GRB2,0.508067325,0.525195052
GEMIN8,0.54237938,0.525110451
FOSL1,0.537564186,0.524729652
AIFM1,0.529074594,0.523979768
GRK2,0.501338417,0.523245473
RRAGC,0.518670101,0.522621094
PTPN11,0.508110888,0.522520573
TFRC,0.527540984,0.522365862
ADSL,0.525608953,0.521996743
PPP2CA,0.543349687,0.521383096
ARF4,0.415279669,0.52110162
COPG1,0.492014791,0.52101655
UBIAD1,0.513475914,0.520802629
TAF1D,0.472954065,0.520744276
RCL1,0.482075744,0.519637269
SNAI2,0.532025245,0.517106904
PAICS,0.510023436,0.517072751
PSMB1,0.517081463,0.517068149
VPS4B,0.520328463,0.515673364
SYK,0.442741412,0.515384643
GCLC,0.541976185,0.515287474
ITGB1,0.532413099,0.515122581
NUP155,0.520997487,0.514308074
ADSS,0.515669049,0.513589731
CD19,0.487364091,0.512816366
MED1,0.504290612,0.512340061
IGF1R,0.529185358,0.510033662
GATA3,0.539349671,0.509980907
ITSN2,0.549330671,0.509178027
TTI2,0.481882699,0.508312311
PGM3,0.512196967,0.508254453
ATP1A1,0.502440097,0.506113188
YAP1,0.545983944,0.50406143
ACTR1A,0.51283157,0.50385907
UROD,0.492630541,0.503370573
NCKAP1,0.479185715,0.503119766
GMPS,0.503277379,0.50299009
PRKAR1A,0.55144022,0.502677093
ZNF236,0.493434325,0.502522239
FERMT1,0.490601539,0.501483686
PRDX1,0.512715445,0.501341309
WWTR1,0.471689951,0.501155372
TCF3,0.52823328,0.500641331
MED14,0.486679062,0.499989638
RAB10,0.515266446,0.499550599
ICE1,0.493518051,0.499324154
CEPT1,0.512209576,0.498282789
NMNAT1,0.53111333,0.498220814
DHFR,0.492428639,0.497983264
FBXO42,0.444598877,0.497077845
PELO,0.44812804,0.496957425
SDHB,0.53301603,0.495951327
WDR89,0.489088132,0.495530116
CTPS1,0.516108714,0.49412585
CCNE1,0.518897712,0.493470257
TRPS1,0.507143197,0.492910024
MEF2C,0.437272759,0.492767286
PABPC1,0.486555011,0.492617137
CTDNEP1,0.438251217,0.491515471
NPAT,0.467585071,0.491317323
ZFX,0.488850262,0.491236461
SMARCA4,0.499907232,0.490363407
SOX2,0.504997035,0.490233545
ACO2,0.499824689,0.489282052
NCL,0.46788694,0.489221924
SKP2,0.475399711,0.489102466
PSTK,0.479857843,0.488721779
VPS4A,0.506730144,0.488095651
SLC2A1,0.507823876,0.487874045
FBXW11,0.474458734,0.486715867
OGDH,0.503485461,0.486561481
IMPDH2,0.549550198,0.485867116
DLST,0.476819576,0.485160431
RAC1,0.519137847,0.485133091
GAK,0.431454505,0.484823536
HSPA8,0.472913726,0.484203984
BCAS2,0.502853734,0.484056699
RHEB,0.475218232,0.482319264
EP300,0.491917744,0.481439101
ATP6V0E1,0.487974055,0.481382162
ASH2L,0.483404165,0.481253212
HAUS3,0.409346576,0.480973314
FLI1,0.528898159,0.480792052
ZFP36L1,0.478269105,0.480752065
BCL2,0.475816969,0.477924484
GTF2A1,0.413171357,0.477293827
PFAS,0.495304738,0.476454205
RAF1,0.309088432,0.476301311
POLR3D,0.456625173,0.476239423
MEF2B,0.587252341,0.47600077
IKZF1,0.509536906,0.475513183
E2F3,0.490579207,0.475038516
PPAT,0.43088407,0.473671086
NKAPD1,0.458000443,0.472043679
SLF1,0.480671511,0.470434844
MBNL1,0.474253398,0.470313593
CWF19L2,0.468477052,0.469595049
CDH2,0.479639564,0.469303797
MZT1,0.445179295,0.469266953
RFK,0.439936686,0.468868874
C3orf38,0.476221646,0.468423534
GART,0.482742296,0.468085992
EGLN1,0.498813167,0.467291469
RPP38,0.466612828,0.466534289
PIK3CD,0.479874925,0.466470736
NSRP1,0.492445192,0.465841088
MTHFD1,0.444851479,0.465812337
UMPS,0.459727162,0.464371669
CAP1,0.476448442,0.464242509
SRPRA,0.421875436,0.463726484
NFKB1,0.476481343,0.463466083
IPPK,0.494930193,0.463376484
UXS1,0.458948652,0.463128614
STK11,0.463293082,0.46260468
PPA2,0.431796582,0.462146803
NOL8,0.41860569,0.46176062
CHMP3,0.447790712,0.460585674
ACTR10,0.441944191,0.459788016
ACSL3,0.4625919,0.45976908
THAP1,0.439341275,0.459479234
CYB5B,0.506900692,0.459452068
TIMM17A,0.510723396,0.458864089
NUP58,0.43584681,0.45819951
RABIF,0.454575248,0.45775664
IRS1,0.486577521,0.457620195
PPA1,0.460063186,0.457425289
SCAP,0.479102827,0.456404822
DNAJC21,0.428938476,0.456121092
ERBB2,0.491324045,0.456112376
SPI1,0.420067227,0.455991054
ASCL1,0.454134568,0.455931949
IRF8,0.51693886,0.455866605
TRPM7,0.47658677,0.455711199
IRS2,0.474628428,0.45509074
PTP4A1,0.422546813,0.454886968
ERCC6L,0.443812153,0.454059107
MSI2,0.455873392,0.454017792
ILK,0.495964927,0.453983825
TFAP2B,0.458704098,0.453775322
TAF2,0.417427079,0.453610685
ERBB3,0.423200694,0.45350017
SLC25A28,0.474463041,0.453462181
CDK8,0.430178243,0.452692091
MED10,0.442328623,0.45233809
SNUPN,0.442754428,0.45199091
EXOC3,0.402488162,0.451765512
TAF10,0.401070676,0.450515123
SECISBP2,0.437634548,0.450265396
BCL6,0.459392294,0.45016406
EXOC5,0.371789073,0.4500309
ESR1,0.448088696,0.449658808
GOLT1B,0.437090458,0.449562098
TXNRD1,0.473460185,0.449402475
MED9,0.422495147,0.448770168
ARHGAP45,0.464019352,0.448444327
DHX29,0.416200528,0.448405548
FURIN,0.480143063,0.447945997
PPM1G,0.47353705,0.447767039
ENO1,0.458544416,0.447752048
RHOA,0.458458595,0.447715928
ATP5PB,0.470272754,0.447686917
PKMYT1,0.436952624,0.447594711
DOLPP1,0.427806439,0.447026892
ATM,0.495607936,0.447024647
SH3GL1,0.431516134,0.44671135
FNTA,0.44841366,0.446070667
PRPF4B,0.353311665,0.446019779
ZNF574,0.427878623,0.445893878
SDHA,0.429897607,0.445873276
EXOSC3,0.410036984,0.445865832
KDSR,0.439398305,0.445653582
CDC42,0.470585133,0.445549101
TBCE,0.382414832,0.445312412
TYMS,0.43692512,0.445066272
EFL1,0.397418386,0.444124248
MED21,0.444781254,0.444079163
UBA5,0.430516648,0.444064217
UAP1,0.413295905,0.444010887
ACTR3,0.440079211,0.443986136
PPCDC,0.463423872,0.443480542
SRFBP1,0.348959724,0.443401999
UBALD1,0.446517101,0.443005924
AFDN,0.429759673,0.442909925
AP1M1,0.449535134,0.442772095
EMC4,0.428957996,0.440774066
THOC5,0.409225589,0.440419937
ZNF622,0.416475192,0.440102054
AMD1,0.484069902,0.439904435
DDX19A,0.451683105,0.439100294
IRS4,0.448276263,0.438540258
ATIC,0.461813983,0.438289547
ATP6V0A2,0.408270415,0.438040796
C15orf41,0.39406602,0.437723358
DOCK5,0.407166987,0.437561509
FGFR1,0.453914479,0.437532546
STAT5B,0.467654401,0.43736351
AHCY,0.455991173,0.437290562
SCD,0.493469078,0.437280054
CRKL,0.448898822,0.437178092
CYB561A3,0.509244064,0.436839396
TEAD1,0.445703253,0.436538326
FAM210A,0.416197898,0.436378701
SPDEF,0.49455015,0.435774505
ACTB,0.428723183,0.43511292
CCDC6,0.461619953,0.435111154
ANKRD49,0.432594987,0.434958798
DDX21,0.391437496,0.434743992
NEDD9,0.435999843,0.434662479
IDH3A,0.310405981,0.434535593
EEFSEC,0.453076467,0.433523029
FPGS,0.412966135,0.433154587
PMM2,0.445491262,0.432975528
MED27,0.406813123,0.432664897
RTTN,0.406514048,0.432416059
SLC33A1,0.438385576,0.432030786
FGFR1OP,0.458994218,0.431945662
SEPHS2,0.434476997,0.430391248
AK2,0.413027422,0.430108299
PKN2,0.450715515,0.430013466
METAP1,0.411567295,0.429977044
CMIP,0.445776474,0.429934243
TMED10,0.45534437,0.429793086
SYVN1,0.415381845,0.429670265
WTAP,0.377611824,0.429513657
FUBP1,0.425553082,0.42911249
STAMBP,0.458735544,0.428779445
SUCO,0.435435146,0.428764713
NBAS,0.384830204,0.428518957
TRA2B,0.425763784,0.428005098
TFIP11,0.390750199,0.427817952
ZEB1,0.446422585,0.427742177
IRF2BP2,0.445154738,0.427349718
DHX38,0.42708167,0.427330563
MED12,0.447640364,0.4272658
ARHGAP29,0.455720263,0.427053943
SHOC2,0.287779178,0.426684433
TERF1,0.444163082,0.426308767
UBE2G2,0.405106098,0.42628336
TGIF1,0.412766257,0.426269052
NR2C2AP,0.409891587,0.4250248
NOM1,0.386388949,0.424819281
EMC6,0.418012582,0.424059703
PYROXD1,0.400331074,0.423983522
CEP192,0.401577309,0.423839335
CRK,0.435715207,0.423033436
VHL,0.421484331,0.422996485
TIPARP,0.455722704,0.422704031
ATXN10,0.390823362,0.422584338
ATL2,0.429062628,0.422466963
GMPPB,0.427990878,0.422361603
DDX31,0.381023177,0.422135552
BRAT1,0.414702093,0.421704413
CUL2,0.372308834,0.421389725
CDC40,0.423257216,0.421350482
NAF1,0.267692868,0.421047558
STRIP1,0.424653926,0.420786451
NSMCE3,0.252752073,0.41957572
IGF2BP1,0.407305025,0.419549725
UBE2Q1,0.378338085,0.419492446
ZNHIT3,0.41961518,0.419264974
BCL2L1,0.451772313,0.419156152
MARCH5,0.458166223,0.418888579
NEUROD1,0.433808115,0.41874131
MRPS14,0.39707531,0.418132322
EXOC8,0.347333892,0.418003473
AHCYL1,0.450992151,0.417987183
MOB4,0.400597268,0.417555663
PIK3C3,0.389169186,0.417485878
LDLRAP1,0.39739104,0.417299968
FOXA2,0.429614299,0.416702737
ATP2C1,0.412372277,0.416534713
ZC3H13,0.428310442,0.416484396
CHCHD3,0.362531159,0.4161645
FBXO7,0.435107313,0.416124543
RELA,0.361228784,0.415382195
PRKCI,0.444743592,0.415341544
TBL1XR1,0.405346998,0.414193405
HAND2,0.408851167,0.41405443
SRRT,0.348781799,0.413903155
WDR46,0.406060942,0.413660304
PRPF18,0.380877611,0.413593463
IREB2,0.438721636,0.413268769
CDX2,0.360504356,0.413232891
UTP23,0.390019451,0.412955183
TRMT6,0.436094178,0.412802125
HSPA13,0.406867929,0.412432156
CEP350,0.358495836,0.412253622
UBA6,0.420772293,0.411969663
SEPSECS,0.459856163,0.411921113
UBA52,0.412164439,0.411849083
LIMS1,0.423513292,0.411740868
PFDN5,0.421319012,0.411734627
VPS26A,0.401747831,0.411513677
ACLY,0.406323444,0.411508817
ANKRD36B,0.211591183,0.411492116
C18orf21,0.375916937,0.411297246
PDCL,0.377821928,0.411281767
ARPC4,0.386585195,0.410585378
MECOM,0.487793675,0.409954935
RPS21,0.441772905,0.409872988
FDPS,0.42435568,0.409776249
DPM1,0.442874897,0.409510772
TLN1,0.430851981,0.409460638
CDAN1,0.403044523,0.409453894
SLC16A1,0.433946689,0.409201089
MED24,0.451634196,0.40892509
YTHDC1,0.304025714,0.408864184
CHUK,0.421528721,0.408436875
VEZT,0.376864256,0.408340501
MRPL54,0.349019136,0.408264762
TAF5L,0.35772486,0.408017098
PFN1,0.430418958,0.407820029
STT3A,0.40051628,0.407369424
PGD,0.423424097,0.407342894
NUP50,0.246131228,0.407302793
C19orf25,0.432991015,0.407262978
NAPG,0.396476479,0.407261787
TAPT1,0.417134794,0.407116054
RXRA,0.415148274,0.406947329
FBXO11,0.371482984,0.406857907
PTPN23,0.338165953,0.406124311
XPR1,0.347365737,0.405985105
TUBA1B,0.377394839,0.405060974
TEX10,0.307300092,0.404805301
SOS1,0.410727612,0.404681393
TFAP2C,0.410785006,0.40461718
FDXR,0.428165866,0.40437418
TAF1,0.440633872,0.404359575
RBM18,0.393223113,0.404317847
ZW10,0.375480352,0.404254063
RRP7A,0.363822546,0.404233555
EIF3F,0.358094021,0.404193849
RIC1,0.389589505,0.403469769
BCAR1,0.356144238,0.403392465
BRD2,0.393692722,0.403385839
RSU1,0.413815647,0.403148242
NDE1,0.426518944,0.403113629
SKA1,0.424002716,0.403026987
RBM42,0.351838677,0.403006092
JUNB,0.406259985,0.402974796
PPIL1,0.427364871,0.402630195
MARK2,0.426992833,0.402248913
SDHC,0.417795498,0.402106086
MSTO1,0.400307673,0.401711754
PPP1R15B,0.422422101,0.401666087
PAX3,0.486915726,0.400704612
WDR73,0.363641015,0.400400142
GAB1,0.429626404,0.400362628
ELOA,0.406084907,0.400317214
RTF2,0.384096517,0.400205641
CAD,0.440340383,0.400177391
SLC7A5,0.385985619,0.400051512
SNRPB2,0.380702526,0.39997519
CAB39,0.426204604,0.399954578
PMVK,0.431440541,0.399947659
RPRD2,0.390899413,0.399635877
MMGT1,0.408793208,0.399285995
IRF2,0.425938162,0.399252335
HBS1L,0.371678639,0.399246714
PFDN1,0.437206767,0.398986192
TFDP1,0.381985494,0.398183684
OST4,0.420413256,0.397838251
HSCB,0.373705299,0.39778503
IKBKB,0.433986399,0.397740298
HNF1A,0.336566945,0.397602625
PPARG,0.385216617,0.397543761
GNB1L,0.30366675,0.397507025
TGS1,0.404230378,0.397207477
UFM1,0.405807745,0.397071415
ABCF1,0.37296875,0.396983799
SMAD7,0.400795069,0.396723986
TEAD3,0.410795823,0.396359442
DCLRE1B,0.43868521,0.395908707
SUGT1,0.384578616,0.39585175
CCDC174,0.236156026,0.395762608
RNF20,0.259251472,0.395642176
PNKP,0.325273792,0.39560982
UTP25,0.390544728,0.395590444
CCDC86,0.383494709,0.395198468
PPP1CA,0.389324667,0.394640608
ZC3H18,0.341567529,0.394591083
LIN28B,0.351546492,0.394189321
PRDM10,0.38487282,0.39361977
GFI1,0.415837181,0.393476838
CDC26,0.370341461,0.393306482
PPP2R2A,0.403843198,0.393209037
VCL,0.399553471,0.393139801
ZNF217,0.438449056,0.392784728
CTR9,0.339435652,0.392662768
WDR70,0.346511021,0.39262603
CDK2,0.386537166,0.392568416
NUDCD3,0.366181988,0.392402738
ALAS1,0.433926656,0.39172356
SNRNP48,0.332213099,0.391701378
GTF2F1,0.376784529,0.391689636
NSL1,0.320259161,0.391522485
VPS37A,0.399807684,0.391518867
TOPBP1,0.312625765,0.391442177
RASGRP2,0.304019084,0.39129799
BIRC6,0.411191646,0.39091045
USP7,0.399712979,0.390538972
HDAC2,0.378628929,0.390425832
ELP2,0.370931877,0.390351218
C19orf53,0.370897574,0.389979334
MYL12A,0.395085067,0.389599775
ELL,0.394424732,0.389032644
KNL1,0.320819005,0.388673351
WRB,0.349247448,0.388536914
SMARCB1,0.41191028,0.388389265
PPP1R12A,0.393593635,0.387998834
HEATR3,0.354086551,0.38798407
DHODH,0.446868059,0.387952765
STAT3,0.403353189,0.387940322
SLC7A1,0.441053887,0.387374993
NHLRC2,0.432374853,0.387235833
PPP6C,0.378989151,0.38721975
MRE11,0.358550385,0.38672187
DHRSX,0.4245978,0.386720023
PRPS1,0.317581611,0.38669734
LEMD2,0.432881944,0.386539279
DROSHA,0.349727645,0.386420274
TRMT5,0.324968252,0.385978562
PRELID3B,0.338154132,0.385967703
RAPGEF6,0.374976352,0.385251502
ALG6,0.408845715,0.385075943
TADA2B,0.276568084,0.384349263
HCFC1R1,0.382068611,0.383802119
UBC,0.38447707,0.383632696
WASHC4,0.366378531,0.383409266
WDR7,0.440212044,0.383377278
CRTC2,0.372756284,0.383210831
HMGCS1,0.375345299,0.382591207
NOL7,0.332761862,0.382526441
TSEN34,0.317903874,0.38236226
UFL1,0.41920946,0.381821995
ICE2,0.402609399,0.381735894
SLBP,0.349592168,0.381568838
SMARCD1,0.351591097,0.381240053
MVD,0.380916425,0.381155053
ISCA2,0.217430155,0.380849524
RPL35A,0.347731005,0.380645068
ETV6,0.401832231,0.380198269
WRN,0.435217489,0.380051535
CENPJ,0.347340884,0.379687487
AHR,0.382334578,0.379677949
IQGAP1,0.41347837,0.379625454
IARS2,0.349159042,0.379510003
N6AMT1,0.298215316,0.379313982
TIMM9,0.391043281,0.378975442
HNRNPM,0.302554498,0.37891979
SPTSSA,0.404922723,0.378901404
MGRN1,0.39666878,0.378638263
ACTG1,0.341623099,0.378439937
MAP2K1,0.321646814,0.378422604
ACSL4,0.399896377,0.378415915
GTF2H5,0.389067914,0.378003056
GGNBP2,0.38012923,0.37752916
MAT2A,0.345976386,0.3775198
ORC5,0.397875635,0.377305225
SLC20A1,0.388055126,0.377234642
EXOC4,0.358474987,0.376802704
TAZ,0.335300975,0.376502353
MPDU1,0.373162301,0.376499631
RINT1,0.38209128,0.376428285
MEPCE,0.366713976,0.376224595
METTL3,0.333145074,0.375860954
ZFR,0.347740847,0.375770461
EMC7,0.346568792,0.375738758
RBM33,0.343302151,0.37573016
PDCD6,0.321196902,0.375648523
ALG9,0.409661513,0.375632461
ANLN,0.380235954,0.375150282
CFDP1,0.34061455,0.375059643
VBP1,0.415182582,0.374950789
DOCK7,0.393290355,0.374911822
MBTPS2,0.396304927,0.374673318
POMP,0.377963024,0.37448398
NOLC1,0.355873809,0.374272582
CCNT1,0.355853567,0.373557046
CLSPN,0.298035453,0.373277164
ALG3,0.381996355,0.373177289
GABPB1,0.340180957,0.372952893
ARF1,0.309973546,0.372821646
AP2S1,0.373113549,0.372444381
ZBTB18,0.41784305,0.372089412
ATP6V1C1,0.327817855,0.372064292
DDX5,0.340063018,0.372009178
CDIPT,0.34544723,0.371909965
CD2BP2,0.344438692,0.371819535
TBP,0.246693594,0.371667024
RPL36A,0.36346449,0.371371989
SMCHD1,0.333846389,0.371214611
DSN1,0.260585099,0.370922701
RBM15,0.387187827,0.370813064
IKZF3,0.400008967,0.370582628
DNTTIP2,0.331015333,0.370263917
USP37,0.347225976,0.370140063
GTF2H1,0.312568245,0.369853579
GLMN,0.384455289,0.369695615
COASY,0.362644306,0.369612011
NUP160,0.422185038,0.369436066
USP8,0.324355438,0.368682193
RBM27,0.351459357,0.368526629
URB2,0.297953288,0.367563572
E4F1,0.299104377,0.367518698
MED20,0.354958212,0.367451009
AP2M1,0.35357943,0.367438869
AMBRA1,0.324958263,0.367312041
NAPA,0.393416878,0.367216059
SUGP1,0.229217581,0.36709742
METAP2,0.333780021,0.366942128
PEA15,0.344684382,0.366754763
ITPK1,0.348494284,0.366411449
KCTD10,0.369998803,0.366348787
DPM3,0.363245014,0.366300171
SLC4A7,0.391470647,0.366209636
MED31,0.300340471,0.366174456
FOXK1,0.342891395,0.365881013
TMEM41B,0.30918844,0.36581782
OXSR1,0.410613849,0.365317399
UBE2J1,0.384052369,0.365017128
ARHGAP11A,0.322677754,0.364818885
METTL14,0.320530458,0.364812051
ZNF131,0.317320184,0.36475546
ALG8,0.385494931,0.364736887
NUP107,0.23601235,0.36433391
CD3EAP,0.386871543,0.364285558
MYBBP1A,0.302748945,0.363766928
SLC25A3,0.33205713,0.363604869
TCOF1,0.298364344,0.363503201
MCPH1,0.338243493,0.363315034
WSB1,0.371246429,0.363272944
ADAR,0.375077863,0.362777913
SEC63,0.344364872,0.362498614
TSEN2,0.439758655,0.362418101
COG3,0.324531362,0.362381995
TRIO,0.371700931,0.362307039
VARS2,0.365687302,0.362249833
RPS5,0.31434854,0.36084654
ATRIP,0.319085092,0.360839777
TP53BP2,0.363944917,0.360706742
FDFT1,0.409915127,0.360440103
YY1,0.347880211,0.36010122
CCDC130,0.3558117,0.359732437
DCTN2,0.271751748,0.359591368
REV3L,0.303167907,0.35954303
RRP1,0.279146706,0.359528309
MED16,0.333762826,0.359430365
DGCR8,0.295670327,0.35920151
ALG12,0.340935764,0.359032164
CEP120,0.341171857,0.358829589
BRAP,0.328516534,0.358789506
NUP153,0.329518655,0.358666373
SSB,0.366184266,0.358594437
DMXL1,0.396862256,0.35831328
CHMP7,0.37022936,0.358028757
UBAP1,0.361615479,0.357423148
ARFRP1,0.310365299,0.357246465
IPO9,0.386800608,0.357244544
ATP6V1D,0.294189708,0.357220486
LSM5,0.334666186,0.357075965
IKBKG,0.355659346,0.357069482
C1D,0.360718409,0.356844149
TTF1,0.367209468,0.356717038
ERCC3,0.304873828,0.356704865
STIL,0.314302921,0.356236175
KIF18B,0.354796072,0.356150466
EIF3H,0.367455818,0.356102895
MRPS17,0.244739603,0.35603482
ZNFX1,0.309372471,0.355907009
SMARCA2,0.223723079,0.355695684
ALG1,0.335394533,0.35559204
VPS53,0.292248196,0.355380442
MAP3K7,0.346639442,0.355378439
TIMM23,0.281756892,0.355298526
CRTC3,0.362076564,0.355082137
VIRMA,0.340204457,0.354659024
STAG1,0.363909295,0.354262457
DPM2,0.368024343,0.353641786
ATP5F1A,0.393022084,0.353538282
DNAJC9,0.353411239,0.353411061
GMNN,0.379299304,0.353224502
LIAS,0.310659695,0.352804289
HNRNPL,0.344770946,0.352798697
SF3B6,0.300462582,0.352698518
DCPS,0.351318271,0.352691731
PSMG1,0.361795544,0.352613507
LMNA,0.371077839,0.35217191
RPL22L1,0.307292763,0.352158805
TMX2,0.287028884,0.352046152
EXOSC1,0.2789247,0.351757238
ATRN,0.345395088,0.351541508
PKM,0.370180237,0.351476335
GLRX3,0.340215504,0.351444129
XRN1,0.317704719,0.351443825
CXXC1,0.315447914,0.351125153
PPP2R3C,0.367301054,0.350982171
TOE1,0.366785014,0.350871408
HMGCR,0.371713377,0.350770482
PPIE,0.308037255,0.350503312
ALAD,0.352126522,0.350348341
FTSJ3,0.298210311,0.350272775
ATP2B1,0.39445872,0.350234715
NDC1,0.338823545,0.34978255
RPIA,0.402643027,0.349367142
UBE2K,0.351091658,0.349339391
GFI1B,0.281180616,0.349145625
TUBGCP6,0.244641263,0.349101881
TAF6L,0.30864542,0.348552461
ALG5,0.336994557,0.34845719
ZNF793,0.269066741,0.348137115
TKT,0.336674441,0.348051678
MET,0.403389232,0.347990044
XYLT2,0.337276086,0.347958844
MED23,0.377996716,0.347897673
LENG1,0.280528951,0.347891415
CCDC22,0.347376117,0.347769397
PSMG2,0.352525248,0.347172094
WDR4,0.351709227,0.347142894
MTA2,0.380654503,0.347139754
BIRC2,0.35984698,0.346554634
RBBP7,0.373285657,0.346463328
ZNF335,0.33925228,0.3464044
TMEM189,0.36988056,0.346034038
GLS,0.387016275,0.345999101
AZIN1,0.338576101,0.345960938
WARS2,0.318206501,0.345908434
CMPK1,0.328582947,0.345768822
TGFBRAP1,0.321090248,0.345671004
MAX,0.330627558,0.345638502
TUBA1C,0.332030397,0.345595125
HSD17B10,0.382370107,0.3455837
CARM1,0.301255557,0.345570164
DENND4C,0.389766032,0.345548632
FBXL12,0.32782753,0.345417835
FCHO2,0.337510802,0.345403727
CYB5R4,0.365453407,0.345389054
PRKRA,0.339505349,0.345056936
SRP9,0.303187199,0.344543176
EXOC2,0.315453234,0.344064115
ASNA1,0.310744451,0.343875065
MBTPS1,0.367255438,0.343825006
FIS1,0.3555941,0.343742857
PTDSS1,0.362430152,0.343591515
NRDC,0.353184792,0.343465285
NKX2,0.35176763,0.343363084
MED7,0.200513364,0.34334079
DICER1,0.354901221,0.343246935
SP1,0.330101944,0.343237568
RELB,0.366300231,0.343237214
CFAP20,0.238970144,0.343200038
ZMYND8,0.365142853,0.342787674
KDM5C,0.32147114,0.342751704
HSD17B12,0.392005891,0.342480995
MRPL23,0.378912388,0.342164784
LCMT1,0.374400319,0.342091428
DYNLL1,0.368896727,0.342090604
POP1,0.349988272,0.342065621
YBX1,0.363820369,0.341980515
NSMCE4A,0.393693045,0.341843473
MANF,0.332123555,0.341832479
USP1,0.343934949,0.341587531
CEP135,0.332603929,0.341585508
MED28,0.317630974,0.341501185
CPT1A,0.318848089,0.341461533
POLR1E,0.324640016,0.341060554
FAM32A,0.287667362,0.341043478
OSBP,0.291655419,0.340801398
TADA1,0.327093392,0.340667085
ALYREF,0.326724003,0.340235964
UFSP2,0.372508001,0.340154422
UBE2S,0.328124205,0.340113493
CCP110,0.321032676,0.340090782
GET4,0.373201539,0.339962473
YEATS2,0.268641255,0.339948521
MBD3,0.281646158,0.339882492
NCKAP1L,0.313637009,0.339766887
ASF1B,0.356225173,0.339437029
FEN1,0.320171171,0.339336834
ACOX1,0.307838033,0.339224699
ARPC2,0.313860066,0.338645534
DET1,0.357463424,0.338531829
TMEM30A,0.314578613,0.338258141
TEDC2,0.257390377,0.3380277
DDX20,0.25092526,0.337516019
EIF2S2,0.312675843,0.337345637
DENND4A,0.387527088,0.337303117
TRAF2,0.30313534,0.337034207
MAFF,0.345691204,0.337032288
EXT1,0.351916669,0.33654323
TRAPPC13,0.325144323,0.336481182
RRAGA,0.303069104,0.336453122
GEMIN7,0.313325905,0.336381138
NABP2,0.243643672,0.335958788
CTSK,0.293376089,0.335928711
WDR92,0.328154127,0.335831995
PPP1R7,0.259324961,0.335704957
NCAPD3,0.34435822,0.335575551
FDX2,0.304455385,0.335483466
BCCIP,0.320360818,0.335165341
CENPE,0.317405129,0.334908899
NCAPH2,0.391802281,0.334840198
NCOA4,0.362292209,0.334807763
ATP5PD,0.326910857,0.334793714
PHOX2A,0.255403168,0.334563509
AATF,0.286220008,0.334487551
PSMB7,0.355442021,0.334416562
FNIP1,0.332317884,0.334269775
JTB,0.353298707,0.333782634
TRNAU1AP,0.33348783,0.333731576
FLVCR1,0.375133898,0.333414064
NUMA1,0.312897806,0.333374262
NCOA6,0.345709559,0.333331942
ESCO2,0.335908739,0.333278624
TBCA,0.270435981,0.333127357
TAF3,0.32652294,0.333001421
KBTBD2,0.324557665,0.332932596
FAM98B,0.359329629,0.33292787
KIDINS220,0.409078659,0.332548015
KMT2D,0.31576283,0.332510523
MIS12,0.293117815,0.332314217
STAG2,0.33607072,0.332173546
TRIM37,0.313205347,0.332121436
VPS16,0.313972702,0.3320525
TDP2,0.344924012,0.331937295
LIG4,0.256891065,0.331753516
LTV1,0.246419523,0.331742944
GAPVD1,0.353831221,0.331699927
CCNL1,0.263488974,0.33152809
PIK3CB,0.283758173,0.331426149
NPAS4,0.333562093,0.331419329
SLC35B2,0.355689849,0.331148233
RRP9,0.249875345,0.331138483
UQCRFS1,0.334288577,0.331007884
SLC5A3,0.399574916,0.330991301
PINX1,0.336488031,0.330700422
OXSM,0.396526294,0.330590153
ADAT3,0.32821911,0.3305732
RNF146,0.347293731,0.330369602
MED15,0.324364711,0.330192495
ATP5PO,0.363792436,0.330048728
ATP5PF,0.294476084,0.329979833
DNAJC11,0.315922812,0.329974608
PCM1,0.331338688,0.329883497
APEX2,0.286950382,0.329613021
GTF2H2,0.276814704,0.32956547
ODR4,0.362354632,0.32951688
AAMP,0.315684949,0.329270295
C2orf49,0.323692304,0.32925393
RBSN,0.322729806,0.329104798
DLG5,0.322142424,0.328878573
TBX10,0.271497318,0.328736954
BAG6,0.271108583,0.328618456
DIMT1,0.324074317,0.328384628
INS,0.355858086,0.328321174
CYC1,0.345342353,0.328289092
HSP90B1,0.348669257,0.328063198
GTF2F2,0.31660717,0.328004112
FAM126B,0.445223484,0.32794953
FAM83H,0.332379383,0.327400584
ABI1,0.350061981,0.32713333
WASHC3,0.316735435,0.326976922
LCN6,0.246582785,0.326818687
MVK,0.332274945,0.326688644
PSMC1,0.304374237,0.326676182
AUP1,0.309895663,0.326582564
EMC3,0.370054756,0.326573211
YME1L1,0.273035845,0.326476944
RBMX,0.333888556,0.326287145
PAPOLA,0.348944115,0.326225333
PCNT,0.280229489,0.326209114
EMC2,0.391741468,0.325981267
ATF7IP,0.330030051,0.325968829
CCDC36,0.263918175,0.325716406
DDX59,0.268309063,0.325660272
PAK2,0.364720701,0.325276443
FLII,0.33849138,0.325270307
TLK2,0.325699062,0.32524851
GDI2,0.346081469,0.325177653
SMARCAL1,0.304704612,0.325114574
MRPL38,0.301886527,0.324915763
SRP19,0.225218212,0.32468986
SDAD1,0.252176865,0.324581245
UBE2H,0.316262613,0.324546226
PSMC4,0.279467432,0.324406294
TSC1,0.328494204,0.324381453
HIKESHI,0.330713119,0.324348559
SKA3,0.328037245,0.324167954
DIDO1,0.325092631,0.324031914
KATNB1,0.335331783,0.323991722
NPC1,0.325681877,0.323878643
ZNF318,0.261140549,0.323727479
SRCAP,0.201874035,0.323527898
ORC2,0.333633797,0.323329306
WDR24,0.30754031,0.323328421
GEMIN4,0.269420269,0.323282898
G6PD,0.327878877,0.323278996
QRSL1,0.298615941,0.323217854
CENPH,0.23833883,0.323063974
ELOC,0.315112109,0.323047972
PDGFRA,0.359496801,0.322705717
REST,0.322777749,0.322695108
TBX2,0.284808756,0.322535045
H2AFZ,0.300067814,0.32227643
CPD,0.329821545,0.322270434
INTS8,0.342901061,0.32215673
EMC1,0.324450621,0.322154135
HAUS8,0.268104026,0.322077702
RBBP8,0.258773707,0.321953377
PEX26,0.321888657,0.321952114
CD151,0.32375262,0.321916561
OSTC,0.332154523,0.321777224
LIN54,0.279070943,0.321714045
SGF29,0.271685575,0.321603151
PTP4A2,0.318623712,0.321491912
MRPL34,0.276039895,0.321321043
DNAJA3,0.267178073,0.3212941
MRPS18B,0.280288976,0.32123424
CENPT,0.301035236,0.320980941
UQCRC2,0.358625841,0.320969952
PPCS,0.319282197,0.320530185
DUSP10,0.340335727,0.320416767
NUBP1,0.201785808,0.32028564
SEC61G,0.295137091,0.320056619
UQCRC1,0.270129418,0.319907309
BICDL2,0.324382731,0.319787387
CSTF2,0.352469909,0.319507627
UBE2N,0.347422508,0.319253199
EIF2B5,0.293451545,0.319227383
COMMD2,0.273811807,0.319162314
HIST1H3I,0.323329366,0.319155024
NBN,0.277944735,0.318897245
GAL,0.298033729,0.31887089
RCOR1,0.319598935,0.318547894
GTF2H2C,0.298698268,0.318529274
RPF1,0.342665943,0.318467169
FECH,0.324097311,0.31846206
NARS2,0.288339821,0.318414901
RFC4,0.316061483,0.318004189
MRPL44,0.296992621,0.317476124
MAEA,0.320214067,0.317312782
ZWILCH,0.269925081,0.317284096
USE1,0.325998435,0.3169995
ARPC3,0.305376805,0.316799477
ARGLU1,0.27378947,0.316571347
TTK,0.256845026,0.316542804
SETDB1,0.336497758,0.316526989
PEX19,0.346718268,0.315872714
RBFA,0.267840187,0.315783801
MRPL57,0.324500918,0.31546551
CLASRP,0.316416219,0.315462768
PXN,0.362885735,0.315289763
EXOC1,0.239216792,0.315182688
MINOS1,0.309252561,0.315136562
PREX1,0.202296213,0.315055124
SRRM2,0.317838192,0.314753578
ACD,0.286661307,0.31468073
SUPT20H,0.226556263,0.314578372
MRPL12,0.268182062,0.314553307
SAMM50,0.286916597,0.314351817
DYNC1LI2,0.381873419,0.31424649
CHD1,0.293985593,0.314070653
EZH2,0.318898471,0.314044803
EDF1,0.308296002,0.313948628
MRPS18C,0.261794613,0.3138788
MRPL18,0.346576821,0.313840779
AARS2,0.339649466,0.313657438
NDUFB5,0.311347159,0.313602462
CCNC,0.333829288,0.313520219
COMMD3,0.355067469,0.313376378
MRPL40,0.299249729,0.313320035
PIK3R1,0.293831527,0.312985062
MED25,0.324727328,0.312873397
RPL39,0.297004991,0.312776064
TAF1A,0.265921475,0.312617587
RAD1,0.270441988,0.312324964
MIOS,0.388358361,0.312279566
ABT1,0.358498502,0.312176188
NCAPG2,0.321408813,0.311916651
WDR83,0.375063214,0.311763382
BBS1,0.26591998,0.311671463
ADAT2,0.319434671,0.311621341
VPS18,0.289649867,0.311573597
BDP1,0.321812241,0.311377078
THAP11,0.355861824,0.311192689
RNF31,0.33404586,0.311180585
PDCD5,0.26297098,0.311117235
LAMTOR4,0.316510243,0.31094989
UPK1A,0.27678997,0.310658497
CDC25B,0.341555313,0.310499603
DYRK1A,0.319483209,0.310250051
PWP1,0.209809058,0.310120238
SRD5A3,0.345670543,0.309846348
INTS2,0.272674299,0.309687209
MRPS31,0.323013352,0.309388782
NDUFS5,0.329951232,0.30927236
NF2,0.359199511,0.309213088
MRPS6,0.366075848,0.309113866
NDUFS2,0.339715626,0.309022969
TNPO1,0.282231097,0.308838952
HSF1,0.30765273,0.308831824
MRPL32,0.343504428,0.308759731
BRD9,0.287459358,0.308256639
DND1,0.316886055,0.308084595
EIPR1,0.215462973,0.308034627
CHMP5,0.212805859,0.307931564
SAMD4B,0.310136973,0.307923822
FKBPL,0.326826944,0.307839951
SOD2,0.334774579,0.307798231
SMC5,0.238626746,0.30765628
C16orf72,0.339600695,0.307585997
SETD1B,0.310557446,0.306783992
RFC1,0.248237186,0.306714519
TSC2,0.305156316,0.306658304
TIAL1,0.286525599,0.306492248
SUB1,0.280874217,0.30626013
HARS2,0.283680023,0.305831553
MRPS5,0.321465447,0.305704784
CRLS1,0.291835372,0.305626999
SRF,0.336946583,0.305604337
DDRGK1,0.347774705,0.305431457
RMND5A,0.319712918,0.305241283
GNPNAT1,0.342198879,0.305176923
RGP1,0.259206749,0.30482926
NDUFS8,0.303736995,0.304798308
PPIL2,0.233932753,0.304346018
RARS2,0.317026876,0.303764969
SFSWAP,0.20120371,0.303568031
CENPI,0.313057094,0.303332553
MRPL4,0.309124528,0.30330085
MLST8,0.344564487,0.303073426
COP1,0.337106175,0.302551046
RPS19BP1,0.231278869,0.30214861
COX6B1,0.321867473,0.302140604
SMARCA5,0.277149883,0.30196235
NOC2L,0.270225731,0.301901198
NUDT8,0.206798446,0.301671849
ITGB3,0.343131138,0.301576076
MON2,0.329382263,0.30141587
MED19,0.335433733,0.301375491
TRMT10C,0.219462803,0.301260045
MED13L,0.340169507,0.301153273
PTPMT1,0.309798063,0.300795823
RPS6KA3,0.316342697,0.300740555
VPS36,0.379102869,0.300718279
CENPP,0.343969029,0.300455993
RTRAF,0.268193381,0.300441996
TSG101,0.283373177,0.300384374
PACS1,0.269229672,0.300368876
NDUFV2,0.277641779,0.30032663
NDUFA6,0.345255805,0.300095057
CCDC51,0.265576488,0.299970739
CEP55,0.31283641,0.299791868
RIC8A,0.307446198,0.299736856
ORC4,0.300304546,0.299633061
UTP14A,0.25807716,0.299534955
GNB2,0.284513635,0.299322108
MRPS7,0.295262055,0.299268137
NOP9,0.288184446,0.298937674
KDM8,0.315820006,0.298878251
NUPL2,0.307955336,0.298740367
RBM5,0.270438677,0.298529115
BRK1,0.315305683,0.29850298
ZBTB17,0.211451265,0.298463301
MTF1,0.298487209,0.298426809
TMED2,0.355350458,0.298426389
PAK4,0.219055986,0.298388147
ANAPC15,0.31874321,0.298278208
EARS2,0.334494188,0.298216017
CCNB1,0.253271417,0.298177989
DUSP22,0.27530963,0.298080858
RNF139,0.285003959,0.297825514
ATP5ME,0.349474959,0.297808073
MTSS1,0.304436914,0.297777286
ADRM1,0.293641101,0.297648646
FASN,0.20482928,0.297521987
ELOVL1,0.286872745,0.297513344
ZCCHC9,0.215942639,0.297087131
ENY2,0.302962722,0.296978178
CTU2,0.246628525,0.296510611
AGPAT1,0.273256785,0.296422224
PFDN4,0.278359802,0.29640568
NFKB2,0.275647364,0.296265034
UBE2Z,0.330798501,0.296211098
CKAP2L,0.289096341,0.2959507
HS2ST1,0.305647682,0.295868322
CAPRIN1,0.321590273,0.295706324
SURF6,0.324241932,0.295673897
NSMCE1,0.308700105,0.295666353
FAF2,0.357028329,0.295567857
RPL28,0.269870568,0.295544594
EXTL3,0.329195292,0.295524154
OS9,0.259623803,0.295517441
TCF12,0.315565211,0.294752579
IPO5,0.209429499,0.294721945
MCMBP,0.304222448,0.294191245
SYT12,0.208682553,0.294032182
TIPIN,0.26407059,0.294006512
SIPA1,0.327379025,0.293582383
CTAGE15,0.215635699,0.293385027
DPF2,0.324218568,0.293381992
UVRAG,0.27475871,0.293320008
STMN1,0.285136722,0.29324176
MRPL37,0.317062975,0.293121872
RBPJ,0.334184598,0.293090779
C12orf45,0.230571132,0.293076618
ATP5F1D,0.230025693,0.292811845
ARID2,0.279173182,0.292794292
MRPS28,0.265382387,0.292774595
GPR61,0.220721428,0.292693968
DAP3,0.279117396,0.292659726
SREK1,0.266954528,0.29224952
RPL22,0.321639836,0.29223447
SREBF1,0.375563758,0.292083254
QRICH1,0.312149089,0.292054621
CENPS,0.314623906,0.291828492
ZNRD1,0.342195056,0.291695858
SEC62,0.275057476,0.291654415
TAF1B,0.216045474,0.291507022
CEP295,0.308893887,0.291472344
NAA20,0.268706559,0.291231257
HUS1,0.262083771,0.291203298
MRPL15,0.268104081,0.291199655
SETD5,0.333630734,0.291069874
HSPA14,0.247083173,0.291036768
BRCA1,0.313079801,0.290890205
EIF5A,0.251793647,0.290707669
HAUS4,0.276729642,0.290675949
PPME1,0.288437265,0.290461526
GAB2,0.32378724,0.290451952
KAT14,0.303207096,0.290117151
MRPL28,0.280996674,0.290080934
WDR59,0.281785586,0.290036266
MCTS1,0.273047229,0.289972873
ZNHIT6,0.260284677,0.289879221
MRPL17,0.289025814,0.289874443
MPRIP,0.254627934,0.289708219
LRRC37A2,0.278177796,0.28942384
PNPT1,0.291575403,0.289338836
CEP152,0.303883609,0.289284592
MEF2D,0.298358935,0.289269074
CCDC12,0.294657085,0.289195276
VMA21,0.306570851,0.289061405
NFIB,0.265464699,0.28904068
CSNK1A1,0.274470512,0.28887993
ARF6,0.289866749,0.288855911
ARMC5,0.331475718,0.288771184
COG7,0.249988876,0.288766903
YIF1A,0.273563466,0.28876604
NDUFAF4,0.319559287,0.28870076
MRPL30,0.301595554,0.28849801
LATS2,0.288392782,0.288482281
CEBPA,0.275071344,0.288396015
CSNK2A1,0.276995888,0.288118983
TIMMDC1,0.291391309,0.288111745
TMEM242,0.312348566,0.288036377
PI4KB,0.285714441,0.287519732
UBQLN1,0.269930209,0.287386337
CAND1,0.321612767,0.28735984
GAR1,0.22569606,0.287312367
STRAP,0.248022676,0.287280589
UROS,0.29754532,0.287222618
CCDC115,0.285083697,0.287204687
POP4,0.334093422,0.287124099
DHX35,0.343783364,0.287076512
VPS45,0.321227552,0.286948428
KLF6,0.253273161,0.286909249
PTMA,0.306700257,0.286760179
RBM47,0.305766407,0.286714264
PQBP1,0.231896822,0.286706679
PDS5B,0.249125875,0.286670213
GTF3C4,0.317647456,0.286494688
CNPY2,0.283866921,0.286469506
CHKA,0.329048362,0.286393472
EIF4G2,0.240729996,0.285978026
GPATCH1,0.26386651,0.285936869
PEX12,0.298503259,0.285866247
ERCC4,0.326633033,0.285767354
SLC25A26,0.292571973,0.285538784
TIMM22,0.33200378,0.285137464
SARS2,0.282783107,0.284966659
CIART,0.215434724,0.284797396
STN1,0.271394635,0.284644416
UBR4,0.319476159,0.284460643
AKIRIN2,0.327223223,0.284223868
CIC,0.247438742,0.284131081
FAR1,0.300984154,0.283808171
BRD7,0.301475954,0.283766339
TNS3,0.327624504,0.283636734
CTNNA1,0.331623952,0.283609918
CALR,0.241574136,0.283608202
NSMCE2,0.27769163,0.283505965
SRPRB,0.235585545,0.283450029
ISG20L2,0.26490065,0.283280002
TRMT61A,0.299313036,0.283227565
COA5,0.268530422,0.283092288
AKT1,0.259055097,0.282860024
WDR25,0.252538636,0.282850487
ZCRB1,0.219251628,0.282816109
FUS,0.30011289,0.282531103
RICTOR,0.285031996,0.282478669
NDUFB7,0.300653654,0.282407429
RNASEH2C,0.276571875,0.282359897
WDR26,0.250206112,0.28190992
COPE,0.245483686,0.281625689
UTP18,0.275069875,0.281515992
TIMM29,0.304404196,0.281507505
HMGA2,0.265159973,0.281400226
TAF8,0.231956828,0.281296541
RAD51,0.357810322,0.280940472
SUPT4H1,0.270007878,0.280905928
PRR12,0.260864014,0.280538396
THAP3,0.29313474,0.280457663
PDS5A,0.327633749,0.280380556
ATG2A,0.201938218,0.280248153
YTHDF2,0.323639988,0.280237373
KMT2C,0.263728736,0.280213531
EIF1,0.233564107,0.280073209
CERS2,0.287684635,0.279868794
EPS15L1,0.275714924,0.279840971
AKT2,0.2678154,0.279806417
MRPS24,0.297926927,0.279792991
TMEM165,0.271845201,0.279746932
MAU2,0.26781268,0.279729992
WAC,0.203459552,0.279671935
ERP44,0.277930682,0.279662585
KIF18A,0.302861622,0.279652247
ATP5F1C,0.302046733,0.27956678
NDUFB8,0.336853201,0.279511883
IWS1,0.290793332,0.279475307
ZNF74,0.233267425,0.279144911
HSD17B4,0.259456949,0.279101983
CSDE1,0.25457502,0.278959128
NAV2,0.285418959,0.278875106
CITED2,0.336157738,0.278715565
CEBPB,0.298647281,0.278671301
EPC2,0.323603052,0.278572012
SSH2,0.260059157,0.278161336
PPP2R5C,0.284344987,0.278153515
MRPL13,0.328672913,0.278004439
ELP4,0.271194481,0.277874134
FXN,0.28392845,0.277750879
RNF4,0.303559582,0.277749509
RAPH1,0.274783314,0.277743942
SMARCE1,0.333537708,0.277584703
LIPT1,0.279424383,0.277253394
REXO2,0.244439375,0.277135936
CWC25,0.268163857,0.277059689
HERPUD1,0.334907153,0.277051738
MRPL33,0.29820088,0.276695353
TNFAIP3,0.293073629,0.27667627
GPS2,0.260130056,0.2766488
SUPT7L,0.265541935,0.276406995
RBM34,0.252818654,0.276306801
HGS,0.292347666,0.275983182
GJC1,0.235474621,0.275897168
DDX52,0.215251701,0.275774391
NGDN,0.239301393,0.275469691
SPINT2,0.268715049,0.275283977
SQSTM1,0.294313249,0.275235241
EXT2,0.335436665,0.275225464
RNF8,0.317592998,0.274846197
PRRC2C,0.206682278,0.274753272
ERAL1,0.263305913,0.274743996
MTFMT,0.289153963,0.274667966
WDR48,0.288444717,0.274667617
PTCD1,0.284747811,0.274636845
DNM1L,0.315658041,0.274493951
UTP11,0.251442917,0.27427335
VPS8,0.273584614,0.274128749
UNC50,0.220361123,0.273938773
TTC4,0.24207723,0.273777273
MFN2,0.256045921,0.273393051
FANCI,0.294610441,0.273311523
FOXF1,0.208984948,0.273273719
UQCR10,0.281867558,0.27316393
RAPGEF1,0.230161181,0.27308174
CREB1,0.331565999,0.273060376
APC,0.253396896,0.272998429
MRPS35,0.302061046,0.272802841
COX6C,0.284567314,0.272798111
MAD2L1BP,0.248897585,0.272774416
PSME3,0.294693527,0.272680096
KATNA1,0.301922878,0.272529941
GSE1,0.239035728,0.272526898
SLC35B1,0.235747168,0.272457174
FIG4,0.286557156,0.27243393
GNG5,0.245328562,0.272353226
ATP5MG,0.259469811,0.272345248
MIB1,0.273756003,0.27197658
IGHMBP2,0.230405941,0.271607471
MED18,0.242273531,0.271574907
GATAD1,0.237448271,0.271554256
SLC38A2,0.318089747,0.271484435
MPI,0.316414731,0.271074969
POLRMT,0.264044192,0.271027458
MRPL53,0.264673966,0.270973392
CCNK,0.24570375,0.270723894
PHACTR4,0.297906475,0.270701182
CENPA,0.28920204,0.270679261
PC,0.234168173,0.2706719
BCL10,0.231910348,0.270619558
COQ4,0.290842328,0.270432871
TEN1,0.278135175,0.270407152
EXO1,0.276498584,0.27014011
MRPL16,0.280813506,0.270024044
CIT,0.27163452,0.269898269
PIGW,0.290949581,0.269750081
HIST1H2BN,0.225205871,0.269747037
PTBP1,0.222292183,0.269528251
MRM3,0.297287288,0.269524273
GTF3C6,0.278396067,0.269519532
CHORDC1,0.256811374,0.269435142
TRIR,0.24480384,0.269087523
RPN2,0.290330407,0.268898369
PKD1,0.260012711,0.268875228
UFC1,0.298096265,0.268868413
COL4A3BP,0.299085262,0.268867677
HJV,0.251833589,0.268799586
EIF3J,0.238742695,0.268661219
NDUFB11,0.340869119,0.268600774
CDCA3,0.228368109,0.268377888
TRIT1,0.253325899,0.268141334
TNFRSF12A,0.239645659,0.268060446
NSUN5,0.25388851,0.267848134
CHD8,0.298576882,0.267793427
ZC3H7A,0.324613634,0.267530014
PITRM1,0.270167322,0.267398633
NRBP1,0.275201862,0.267331638
MRPS12,0.281152767,0.267248341
BCL2L2,0.307459977,0.26724791
WASHC5,0.23547982,0.267050527
BRIP1,0.310574491,0.267039678
DBF4,0.258143717,0.26699792
ZNF511,0.287905204,0.266956067
ASH1L,0.320443053,0.266952241
MRPL39,0.255390019,0.266705564
USP14,0.276019696,0.266696771
SEC16A,0.29267234,0.266540033
BRCA2,0.286696841,0.266476565
UBE2C,0.305111635,0.266160552
SURF4,0.313661998,0.266117314
CTNNBL1,0.223598076,0.265964725
POT1,0.279132148,0.265885463
FANCG,0.279635146,0.265756597
COX6A1,0.280707598,0.265754642
CENPU,0.330276321,0.265743505
HIST1H3B,0.257754221,0.265703121
GATB,0.228908571,0.265658639
GFER,0.240044355,0.26534435
GABARAP,0.263978363,0.265191594
DAXX,0.307447158,0.265053503
NELFA,0.25602604,0.264950369
NDUFAF5,0.230833884,0.264949716
SEC61B,0.211538135,0.264850538
INPP5K,0.258094775,0.264794167
UBE2O,0.212112243,0.264783239
CKS1B,0.295517536,0.264696604
PRPF39,0.266686089,0.264675889
KCMF1,0.275692655,0.264623617
MNT,0.27969531,0.264253955
PAQR4,0.26534911,0.263971723
UBALD2,0.329333844,0.263787554
PBRM1,0.308841482,0.263512513
BCL11B,0.373068726,0.263413186
MKLN1,0.252369813,0.263272107
ING3,0.288977328,0.263078863
COX10,0.256039377,0.263052168
ATP6V1H,0.320322633,0.262989899
TPK1,0.338243924,0.262708704
PICALM,0.289815959,0.262620882
MRPS27,0.220883217,0.262507736
LYL1,0.238954423,0.262444299
UGCG,0.296451748,0.262200565
ZFP36L2,0.262256126,0.262069025
NDUFB4,0.314787609,0.261899904
FIP1L1,0.318857924,0.261870882
GPX8,0.291620185,0.261799514
NCLN,0.227846428,0.261771077
SLC25A19,0.348269951,0.261657547
TP53RK,0.225637066,0.261632342
WASL,0.306022485,0.261619896
RNASEH2A,0.283025639,0.261497009
SGO1,0.225218922,0.26131381
ZNF559,0.290882666,0.261191866
PDCL3,0.280548336,0.261044707
SRC,0.245634623,0.260942496
BLM,0.2705293,0.260870784
DNAJC13,0.266821994,0.260740398
METTL1,0.31382831,0.260706879
ZWINT,0.226277988,0.260362964
CD79B,0.263506953,0.260349185
TTF2,0.315493028,0.260191941
CNOT11,0.210439811,0.260106321
MYEOV,0.246224083,0.259677579
KAT6A,0.260259704,0.259642342
C8orf59,0.250393714,0.259347162
LRP8,0.25928401,0.259197691
FAM129B,0.278827122,0.259132441
FARS2,0.317858368,0.259035526
RAD51B,0.228308165,0.258940218
PDE12,0.203626196,0.258871088
WSB2,0.27964466,0.258851335
MTERF3,0.280307979,0.258731402
TFAP4,0.257134538,0.258719358
CNOT1,0.246546216,0.258447861
ATP6V0D1,0.273723077,0.258242419
SMC6,0.252363183,0.258015909
UBE3A,0.274731902,0.257973571
VPS39,0.270752237,0.257752198
SUCLG1,0.280623716,0.257723612
TUBE1,0.265920304,0.257655518
BTF3,0.244776852,0.257392015
NDUFA10,0.224749079,0.257275124
TSR3,0.299161436,0.257253025
CARNS1,0.302872472,0.257195884
ROCK1,0.264692512,0.257163877
DLD,0.336421036,0.256904945
COPS7A,0.239287209,0.256615484
MEN1,0.269818783,0.256219274
PEX6,0.291911172,0.25599907
VDAC1,0.261408944,0.255938664
KMT2A,0.265191834,0.255882864
SUPT3H,0.240100159,0.255699785
CASC3,0.2505094,0.25563549
TESMIN,0.243896436,0.255615907
SCNM1,0.231187802,0.25554361
PPP1CB,0.233139961,0.255400104
TTC37,0.240860491,0.255214566
GNB1,0.278906082,0.25505735
CLPB,0.232229597,0.255001926
C1orf131,0.216427128,0.254770314
TAF4,0.24955151,0.254705521
VMP1,0.23191135,0.254475331
ATRX,0.309383147,0.254423207
SMG7,0.285838479,0.254225699
PDCD6IP,0.211783923,0.254148617
FAM104B,0.233600261,0.254103761
MPHOSPH8,0.252485022,0.254098236
RHOC,0.261730052,0.25378174
ZNF789,0.250771573,0.253674982
HECTD1,0.291681767,0.253647436
SLC3A2,0.265573909,0.253547113
PRKRIP1,0.212476549,0.253528816
FAM208B,0.254861268,0.253526079
TMEM147,0.247470172,0.253206667
COG8,0.266365068,0.25311879
UQCRB,0.305810629,0.252948669
TRAF7,0.228096603,0.252914226
RBM38,0.28169322,0.252845313
VPS33A,0.295634674,0.252654749
LAMTOR1,0.233496056,0.252384446
ZBTB7B,0.267798297,0.252139888
OGA,0.216869522,0.252006597
SPRTN,0.258223762,0.251916059
TRIM33,0.247857542,0.251570622
METTL17,0.305880889,0.251559886
SNRNP40,0.230528531,0.251531074
SATB2,0.23579471,0.251382505
NDUFAB1,0.277277057,0.251092149
MTMR9,0.246688542,0.250430985
CXorf56,0.245909327,0.250388064
RBX1,0.280082869,0.250160171
HAPLN2,0.248889744,0.249586403
MAPK14,0.275398641,0.249553807
C17orf58,0.307237835,0.249057672
HTT,0.26861937,0.248931776
MED13,0.242352135,0.248904562
MDC1,0.258541779,0.248737678
GFM1,0.303995223,0.248656477
DDX27,0.231732787,0.248644903
PPM1J,0.283621701,0.248511804
RABGEF1,0.317805767,0.24830855
ECSIT,0.274872759,0.248232129
AXIN1,0.249193236,0.248208131
FLCN,0.254996939,0.248195879
DDX46,0.238819858,0.248023723
FANCM,0.233219064,0.248023261
LARS2,0.299308241,0.247969829
RAD50,0.285841999,0.247964215
NAA25,0.232033507,0.2479335
HIST1H2AJ,0.256899329,0.247888461
ZNF593,0.254325242,0.247859001
LASP1,0.22968107,0.247746433
POLD4,0.214569129,0.24770641
MYO1H,0.207077612,0.247563912
RANBP3,0.215029835,0.247101334
LPAR1,0.243990535,0.246900305
CNOT7,0.259042458,0.246766678
MIPEP,0.246186029,0.246717017
GSTP1,0.244968677,0.246701762
GANAB,0.274432246,0.246648357
RNF168,0.273454091,0.24655403
TOP1,0.256999903,0.246106016
PEX13,0.248971215,0.245992798
STX18,0.22678768,0.245961346
MYBPC3,0.206311813,0.245737114
WDR33,0.24780495,0.245690231
COX7B,0.260847339,0.245554823
ZFAT,0.29441775,0.245172494
SLC30A9,0.283740319,0.245158219
PPP1CC,0.267650959,0.245132077
CBWD5,0.291518117,0.244826979
TRIP13,0.249541621,0.244615161
TXNDC17,0.263595084,0.244062299
NDUFB6,0.264379152,0.244030071
RMND1,0.250792656,0.24350686
PTPN1,0.292651174,0.24350163
VPS52,0.244804526,0.243318152
MTG2,0.259312489,0.243243776
SOCS3,0.252698823,0.243219749
PPP6R3,0.225345348,0.243105838
ELAVL1,0.210653936,0.242848801
MRPL48,0.263961618,0.242450871
NME6,0.257019933,0.242141097
CALM2,0.234760759,0.241980375
CNEP1R1,0.244330118,0.241808721
DSCC1,0.271234487,0.2417892
MRPL9,0.29019872,0.241131086
MLLT1,0.262706604,0.241071227
NDUFA8,0.320571905,0.241003004
SBNO2,0.269819295,0.240956136
ZNHIT1,0.232263559,0.240929106
XRCC4,0.222194215,0.240910996
PDGFRB,0.243372284,0.240419998
COG4,0.219656388,0.240192544
RNF25,0.268135382,0.240114852
LPA,0.234334971,0.239990119
POLE4,0.213835048,0.239929957
SLC19A1,0.303183725,0.239915587
GSTM4,0.224150223,0.239734434
CENPF,0.248287579,0.239656116
PARN,0.218185978,0.239650375
BCS1L,0.320350687,0.239590947
AK6,0.254689489,0.239547141
ATP5F1E,0.205238667,0.239474855
ATG4B,0.220720927,0.239384501
INTS10,0.243866696,0.239339757
COX14,0.233480516,0.239301671
RER1,0.239709779,0.239185781
RPAP3,0.200054039,0.239096516
MAD2L1,0.259657552,0.239093678
NAA40,0.223616627,0.239039532
RAB7A,0.222365576,0.238642356
ZNF687,0.246592632,0.238581284
MRPL55,0.245416861,0.2380865
NAA35,0.260438058,0.238058998
SIN3A,0.250718275,0.237991048
METTL23,0.272552402,0.237856749
BECN1,0.259237772,0.237732444
RTEL1,0.240418898,0.237499303
FAM122A,0.209712042,0.237491326
PRAMEF20,0.266314112,0.237315618
DPH6,0.294371299,0.237211573
MAN1A2,0.268854503,0.237165213
VPS54,0.250568519,0.237117541
TMEM88B,0.209180053,0.237116284
SCAF8,0.219984812,0.236857037
TUBB2A,0.242610385,0.236832593
DHX9,0.251373584,0.236760836
DR1,0.274729211,0.236713742
RANBP9,0.225356643,0.236569596
RAB21,0.286489111,0.236079309
TM9SF3,0.264800237,0.236017816
USP9X,0.290514895,0.236014878
DMAC1,0.243077603,0.235995553
TPRKB,0.265108978,0.235949333
SDC1,0.227810345,0.235931325
KCNK5,0.245984102,0.235881206
SAR1A,0.267388399,0.235718327
RIMBP3,0.208003063,0.235248694
PTCD3,0.232171454,0.235103814
GNL1,0.245994879,0.234874807
MSL3,0.213346428,0.234825019
MYO10,0.241987182,0.234796035
HIF1AN,0.27593557,0.234104905
GTF3C5,0.257401362,0.233961194
RAD23B,0.254807379,0.233924171
RBM4,0.253546202,0.233766589
XRCC2,0.273301994,0.233682185
GATC,0.214486363,0.233614792
SPTLC2,0.232164519,0.233141012
NDUFB3,0.235282948,0.233035417
C8orf76,0.248412869,0.232995304
HTRA2,0.230645172,0.23261335
TWNK,0.25454344,0.23251741
TOP1MT,0.225065521,0.232465212
SNRPA,0.249529264,0.232310536
P2RX2,0.247737108,0.232227495
SRSF4,0.22646753,0.231809363
FLT3LG,0.265466954,0.23168455
YPEL5,0.237696544,0.231240173
RMI1,0.257021508,0.231152443
NGLY1,0.265427957,0.230859878
DPP9,0.226694633,0.230827182
SNX17,0.227901161,0.230796975
COX5B,0.234367154,0.230435948
CIR1,0.234993846,0.230394366
MZT2A,0.238806283,0.230010907
FIBP,0.238023843,0.229953637
SRM,0.273977185,0.229831322
ORC1,0.237972809,0.229725092
COX4I1,0.241699897,0.229659931
INO80B,0.217063119,0.229409168
RAB35,0.26374211,0.229054896
PIGH,0.209400517,0.228987097
SUDS3,0.248783839,0.228743736
B3GALT6,0.245689571,0.228511177
EIF4G1,0.205111398,0.228250229
PCNX3,0.202186574,0.227946117
ZBTB7A,0.243394303,0.227855256
GALE,0.240050322,0.227765697
ANKRD11,0.254344498,0.227722121
DYNLT1,0.285810505,0.227617201
INTS12,0.27236737,0.227575255
CRB3,0.298307023,0.227544388
NCDN,0.208190834,0.227453414
ADNP,0.25690778,0.227029725
ANKRD17,0.272510086,0.226841292
MRPS2,0.230964277,0.226703463
ANKHD1,0.224346303,0.226696064
ATP5MF,0.21561338,0.226622132
PHF2,0.234343245,0.226600875
RBM4B,0.237939909,0.226565392
TACC3,0.243608793,0.226439614
STEAP3,0.215724368,0.226124202
AJUBA,0.279514498,0.226036662
PGAM1,0.242839853,0.225779544
DNAJB11,0.325503622,0.225773067
FANCF,0.236736201,0.225693627
FANCL,0.254258104,0.225584298
YIPF6,0.269857929,0.225532184
GTSE1,0.243217427,0.225411956
MRPS23,0.290286542,0.225271571
HIST1H2AI,0.242423414,0.225260546
RAD9A,0.213297942,0.225196428
UBE2D3,0.221709027,0.225122558
RB1CC1,0.26439556,0.224606877
PILRA,0.214759838,0.224591757
MAP2K2,0.226073227,0.224545053
USP39,0.244462223,0.224376927
SQLE,0.20199118,0.224272069
RAB1A,0.285073954,0.224000219
COMMD8,0.23056435,0.223989549
NDUFV1,0.247302664,0.223938458
MRPL14,0.272404046,0.223702379
CCDC142,0.218618076,0.223411554
ANKH,0.251356554,0.223387846
AASDHPPT,0.291152643,0.223365052
CTNND1,0.208850795,0.223353637
PTPA,0.20374213,0.223346352
SSR2,0.223985818,0.222874221
QKI,0.232819865,0.222849968
NDUFA1,0.285520125,0.22259139
ATP5F1B,0.211919083,0.222539785
FAM117B,0.250424392,0.222452521
DIAPH3,0.24420156,0.222338975
CDCA5,0.231969602,0.222001727
MRPL47,0.25519475,0.22197063
TMEM161B,0.201987703,0.221893957
OR2T33,0.211669665,0.221870251
SMARCD2,0.250659958,0.221845425
PKNOX1,0.238416041,0.221843375
CSH2,0.236701738,0.221743207
EIF4E2,0.228922514,0.221724716
DHX16,0.257341128,0.221619685
GTPBP10,0.211243155,0.221403468
BNIP1,0.278431851,0.221355426
RNASEH2B,0.2204017,0.221219303
RPRD1B,0.206332491,0.221067758
ATXN2L,0.203082576,0.22087822
MRPL24,0.246336489,0.220850846
LAMTOR3,0.243286005,0.220772664
MSL1,0.227944822,0.220725706
FASTKD5,0.242776464,0.220671885
EIF4B,0.223769066,0.220461282
MRPS25,0.25437924,0.220288078
TOMM70,0.276450024,0.220213412
CTTN,0.277161883,0.220180796
NBEAL1,0.218459732,0.219958247
HMGXB3,0.200371813,0.219917984
B3GNT2,0.234634378,0.219904259
MCRS1,0.207354115,0.219735473
RDM1,0.227252624,0.219431262
TPI1,0.223925381,0.219148171
HIST1H2BI,0.259974143,0.219086662
MARCH6,0.239270622,0.21906108
SIVA1,0.26127639,0.218882762
FNDC3B,0.274947218,0.21887915
B3GAT3,0.223748518,0.218656982
NIPBL,0.210684448,0.21865435
VPS50,0.211018576,0.218562058
CENPO,0.262605394,0.21838702
P2RY6,0.209889755,0.217741239
SAFB,0.26102766,0.217729288
SLC39A1,0.207370183,0.217643523
NDUFC2,0.250167483,0.217449926
RTL8B,0.22893417,0.217315607
IST1,0.232425187,0.217206031
SPICE1,0.247787351,0.217032524
CNOT9,0.226296908,0.21679034
LCN8,0.205787412,0.216735344
VAPA,0.222722043,0.216600949
NDUFB2,0.279278553,0.216588425
UBE2T,0.310979262,0.216541023
WDR44,0.211579087,0.216183806
B3GNT5,0.271384901,0.215985236
DDI2,0.288798587,0.215441763
MAPKAP1,0.231891429,0.215131777
NPM1,0.247083294,0.214369878
SKIV2L,0.229693103,0.214027661
RAPGEFL1,0.23477711,0.213780954
MTMR6,0.216416355,0.213778756
TM2D2,0.25595964,0.213767281
WAPL,0.247703264,0.213460177
RBM10,0.271091493,0.213184921
LENG8,0.20555342,0.213108745
DIP2B,0.214930891,0.212760987
SPATA31A6,0.235944907,0.212715996
CHTF8,0.202031854,0.212643735
MSN,0.263475362,0.212626869
MRPS30,0.25510724,0.212516152
SEC23IP,0.253281432,0.212468671
MTPAP,0.253522283,0.212338088
DERL2,0.219827694,0.212327893
SMPD4,0.235297408,0.212300395
SEC23B,0.285391001,0.21229764
CCNT2,0.209259877,0.212034903
DARS2,0.209340689,0.211848034
CTC1,0.238393399,0.211696167
GRSF1,0.262845784,0.211673998
NDUFB9,0.259440046,0.211612682
IER3IP1,0.25547139,0.211595479
CDK13,0.24509396,0.211595231
PIAS4,0.226894122,0.211259087
LIG3,0.244928147,0.211256805
VCPIP1,0.275169484,0.210685174
CALML6,0.239702522,0.210599716
TEDC1,0.217293975,0.210304097
DYNC1LI1,0.279899875,0.210270762
KIF15,0.262505838,0.210071102
HIST1H4A,0.205429431,0.209914892
NONO,0.211346734,0.209856976
VAC14,0.26675885,0.20971047
NRP2,0.211414695,0.209298188
CCM2,0.222567075,0.209074614
GGT1,0.216927215,0.208997484
PTAR1,0.244820929,0.208985308
KNTC1,0.28150615,0.208778197
S100A2,0.231606322,0.208553665
TRAPPC2L,0.275162501,0.208385701
NDUFC1,0.254695951,0.208349555
DCTN4,0.233274053,0.208160456
MBD2,0.270138844,0.207658248
BRPF1,0.216276991,0.207488524
CPNE5,0.261057298,0.207466302
KANSL2,0.226105543,0.207292734
NDUFA11,0.280317944,0.207124549
NDUFAF1,0.238907839,0.207063724
PIK3R2,0.229974382,0.207004909
SRPK1,0.221488217,0.20696774
MRPL58,0.221582213,0.206967521
TUBD1,0.265833203,0.206944546
TBC1D10B,0.23463844,0.206693667
NDUFB10,0.266229049,0.206632631
OSBPL9,0.232512855,0.20658428
RPUSD4,0.203100373,0.206428762
MRM2,0.230805095,0.206331713
PPIP5K2,0.253521273,0.206203721
TSPAN31,0.213318996,0.20605543
MTERF4,0.220251919,0.205950562
GPATCH8,0.267413394,0.205591615
FH,0.241298348,0.20554902
GPI,0.208961848,0.205393643
BPTF,0.208889303,0.205166679
PTGES3,0.23103186,0.205124671
AUNIP,0.205627169,0.205076467
BTAF1,0.264213463,0.204937858
COG1,0.21065879,0.204816411
OR5AU1,0.232135501,0.204453908
CEP97,0.219365997,0.204330808
MRPS11,0.220101055,0.203937382
CUL4B,0.24594131,0.203757407
MYO9B,0.222815721,0.203436874
KIF22,0.232174331,0.203157855
TECR,0.209688423,0.202931927
SCO1,0.208536427,0.202517551
FAAP24,0.23558718,0.201978402
MGAT2,0.210181611,0.201723376
ZNF728,0.240476127,0.201682903
GLCE,0.240160139,0.201656129
USP38,0.22594257,0.20135252
SETD1A,0.224804052,0.201213047
RPL36AL,0.283846272,0.200787573
DRAM2,0.213701416,0.200658267
SPRR2G,0.282737373,0.200552177
CCDC107,0.231386102,0.200393751
NEK1,0.214880201,0.200197664
